route_id,route_name,top,plus,rank,corrective_rank,score,category_round_id,round_name,athlete_id,firstname,lastname,paraclimbing_sport_class,sport_class_status,country,federation_id,comp_name,starting_group,speed_elimination_stages,restarted,time_ms,modified,status
1085,1,True,False,1.0,1.5,1.73,6141,Qualification,2080,Chaehyun,SEO,,,KOR,21,"IFSC - Climbing World Championships (B,L,S) - Moscow 2021",,,,,,
1086,2,True,False,1.0,2.0,1.73,6141,Qualification,2080,Chaehyun,SEO,,,KOR,21,"IFSC - Climbing World Championships (B,L,S) - Moscow 2021",,,,,,
5554,1,True,False,1.0,,TOP,6768,Semi-Final,2080,Chaehyun,SEO,,,KOR,21,"IFSC - Climbing World Championships (B,L,S) - Moscow 2021",,,False,295000.0,2021-09-21 09:47:06 +00:00,confirmed
5556,1,True,False,1.0,,TOP,6770,Final,2080,Chaehyun,SEO,,,KOR,21,"IFSC - Climbing World Championships (B,L,S) - Moscow 2021",,,False,292000.0,2021-09-21 19:00:07 +00:00,confirmed
1085,1,True,False,2.0,1.5,2.45,6141,Qualification,1803,Natalia,GROSSMAN,,,USA,20,"IFSC - Climbing World Championships (B,L,S) - Moscow 2021",,,,,,
1086,2,False,False,2.0,4.0,2.45,6141,Qualification,1803,Natalia,GROSSMAN,,,USA,20,"IFSC - Climbing World Championships (B,L,S) - Moscow 2021",,,,,,
5554,1,True,False,2.0,,TOP,6768,Semi-Final,1803,Natalia,GROSSMAN,,,USA,20,"IFSC - Climbing World Championships (B,L,S) - Moscow 2021",,,False,326000.0,2021-09-21 09:32:57 +00:00,confirmed
5556,1,False,False,2.0,,37 (4:22),6770,Final,1803,Natalia,GROSSMAN,,,USA,20,"IFSC - Climbing World Championships (B,L,S) - Moscow 2021",,,False,262000.0,2021-09-21 18:54:09 +00:00,confirmed
1085,1,False,False,3.0,3.0,2.45,6141,Qualification,928,Laura,ROGORA,,,ITA,13,"IFSC - Climbing World Championships (B,L,S) - Moscow 2021",,,,,,
1086,2,True,False,3.0,2.0,2.45,6141,Qualification,928,Laura,ROGORA,,,ITA,13,"IFSC - Climbing World Championships (B,L,S) - Moscow 2021",,,,,,
5554,1,True,False,3.0,,TOP,6768,Semi-Final,928,Laura,ROGORA,,,ITA,13,"IFSC - Climbing World Championships (B,L,S) - Moscow 2021",,,False,358000.0,2021-09-21 09:40:26 +00:00,confirmed
5556,1,False,False,3.0,,37 (5:01),6770,Final,928,Laura,ROGORA,,,ITA,13,"IFSC - Climbing World Championships (B,L,S) - Moscow 2021",,,False,301000.0,2021-09-21 18:53:58 +00:00,confirmed
1085,1,False,True,4.0,9.5,13.44,6141,Qualification,1226,Jessica,PILZ,,,AUT,16,"IFSC - Climbing World Championships (B,L,S) - Moscow 2021",,,,,,
1086,2,False,True,4.0,19.0,13.44,6141,Qualification,1226,Jessica,PILZ,,,AUT,16,"IFSC - Climbing World Championships (B,L,S) - Moscow 2021",,,,,,
5554,1,False,True,4.0,,41+,6768,Semi-Final,1226,Jessica,PILZ,,,AUT,16,"IFSC - Climbing World Championships (B,L,S) - Moscow 2021",,,False,262000.0,2021-09-21 10:24:25 +00:00,locked
5556,1,False,True,4.0,,36+,6770,Final,1226,Jessica,PILZ,,,AUT,16,"IFSC - Climbing World Championships (B,L,S) - Moscow 2021",,,False,272000.0,2021-09-21 18:40:48 +00:00,confirmed
1085,1,False,True,5.0,6.0,5.48,6141,Qualification,1811,Brooke,RABOUTOU,,,USA,20,"IFSC - Climbing World Championships (B,L,S) - Moscow 2021",,,,,,
1086,2,False,True,5.0,5.0,5.48,6141,Qualification,1811,Brooke,RABOUTOU,,,USA,20,"IFSC - Climbing World Championships (B,L,S) - Moscow 2021",,,,,,
5554,1,False,True,5.0,,39+,6768,Semi-Final,1811,Brooke,RABOUTOU,,,USA,20,"IFSC - Climbing World Championships (B,L,S) - Moscow 2021",,,False,364000.0,2021-09-21 09:20:21 +00:00,confirmed
5556,1,False,True,5.0,,35+,6770,Final,1811,Brooke,RABOUTOU,,,USA,20,"IFSC - Climbing World Championships (B,L,S) - Moscow 2021",,,False,305000.0,2021-09-21 18:22:12 +00:00,confirmed
1085,1,False,True,6.0,48.5,26.52,6141,Qualification,2381,Natsuki,TANII,,,JPN,25,"IFSC - Climbing World Championships (B,L,S) - Moscow 2021",,,,,,
1086,2,False,True,6.0,14.5,26.52,6141,Qualification,2381,Natsuki,TANII,,,JPN,25,"IFSC - Climbing World Championships (B,L,S) - Moscow 2021",,,,,,
5554,1,False,True,6.0,,41+,6768,Semi-Final,2381,Natsuki,TANII,,,JPN,25,"IFSC - Climbing World Championships (B,L,S) - Moscow 2021",,,False,274000.0,2021-09-21 07:29:04 +00:00,confirmed
5556,1,False,True,6.0,,32+,6770,Final,2381,Natsuki,TANII,,,JPN,25,"IFSC - Climbing World Championships (B,L,S) - Moscow 2021",,,False,274000.0,2021-09-21 18:33:04 +00:00,confirmed
1085,1,False,True,7.0,6.0,7.55,6141,Qualification,68,Dinara,FAKHRITDINOVA,,,CFR,101,"IFSC - Climbing World Championships (B,L,S) - Moscow 2021",,,,,,
1086,2,False,True,7.0,9.5,7.55,6141,Qualification,68,Dinara,FAKHRITDINOVA,,,CFR,101,"IFSC - Climbing World Championships (B,L,S) - Moscow 2021",,,,,,
5554,1,False,True,7.0,,39+,6768,Semi-Final,68,Dinara,FAKHRITDINOVA,,,CFR,101,"IFSC - Climbing World Championships (B,L,S) - Moscow 2021",,,False,282000.0,2021-09-21 09:08:11 +00:00,confirmed
5556,1,False,True,7.0,,32+,6770,Final,68,Dinara,FAKHRITDINOVA,,,CFR,101,"IFSC - Climbing World Championships (B,L,S) - Moscow 2021",,,False,238000.0,2021-09-21 18:14:58 +00:00,confirmed
1085,1,False,True,8.0,15.0,16.88,6141,Qualification,467,Salomé,ROMAIN,,,FRA,10,"IFSC - Climbing World Championships (B,L,S) - Moscow 2021",,,,,,
1086,2,False,True,8.0,19.0,16.88,6141,Qualification,467,Salomé,ROMAIN,,,FRA,10,"IFSC - Climbing World Championships (B,L,S) - Moscow 2021",,,,,,
5554,1,False,False,8.0,,40,6768,Semi-Final,467,Salomé,ROMAIN,,,FRA,10,"IFSC - Climbing World Championships (B,L,S) - Moscow 2021",,,False,268000.0,2021-09-21 10:24:08 +00:00,locked
5556,1,False,True,8.0,,25+,6770,Final,467,Salomé,ROMAIN,,,FRA,10,"IFSC - Climbing World Championships (B,L,S) - Moscow 2021",,,False,184000.0,2021-09-21 18:26:52 +00:00,confirmed
1085,1,False,False,9.0,8.0,8.72,6141,Qualification,1400,Eliska,ADAMOVSKA,,,CZE,17,"IFSC - Climbing World Championships (B,L,S) - Moscow 2021",,,,,,
1086,2,False,True,9.0,9.5,8.72,6141,Qualification,1400,Eliska,ADAMOVSKA,,,CZE,17,"IFSC - Climbing World Championships (B,L,S) - Moscow 2021",,,,,,
5554,1,False,True,9.0,,39+,6768,Semi-Final,1400,Eliska,ADAMOVSKA,,,CZE,17,"IFSC - Climbing World Championships (B,L,S) - Moscow 2021",,,False,342000.0,2021-09-21 09:01:56 +00:00,confirmed
1085,1,False,True,10.0,6.0,9.8,6141,Qualification,12845,Momoko,ABE,,,JPN,25,"IFSC - Climbing World Championships (B,L,S) - Moscow 2021",,,,,,
1086,2,False,False,10.0,16.0,9.8,6141,Qualification,12845,Momoko,ABE,,,JPN,25,"IFSC - Climbing World Championships (B,L,S) - Moscow 2021",,,,,,
5554,1,False,True,10.0,,39+,6768,Semi-Final,12845,Momoko,ABE,,,JPN,25,"IFSC - Climbing World Championships (B,L,S) - Moscow 2021",,,False,280000.0,2021-09-21 08:50:24 +00:00,confirmed
1085,1,False,True,11.0,15.0,11.94,6141,Qualification,642,Molly,THOMPSON-SMITH,,,GBR,11,"IFSC - Climbing World Championships (B,L,S) - Moscow 2021",,,,,,
1086,2,False,True,11.0,9.5,11.94,6141,Qualification,642,Molly,THOMPSON-SMITH,,,GBR,11,"IFSC - Climbing World Championships (B,L,S) - Moscow 2021",,,,,,
5554,1,False,False,11.0,,39,6768,Semi-Final,642,Molly,THOMPSON-SMITH,,,GBR,11,"IFSC - Climbing World Championships (B,L,S) - Moscow 2021",,,False,248000.0,2021-09-21 10:24:37 +00:00,locked
1085,1,False,True,12.0,22.5,14.62,6141,Qualification,11464,Aleksandra,TOTKOVA,,,BUL,26,"IFSC - Climbing World Championships (B,L,S) - Moscow 2021",,,,,,
1086,2,False,True,12.0,9.5,14.62,6141,Qualification,11464,Aleksandra,TOTKOVA,,,BUL,26,"IFSC - Climbing World Championships (B,L,S) - Moscow 2021",,,,,,
5554,1,False,False,12.0,,38,6768,Semi-Final,11464,Aleksandra,TOTKOVA,,,BUL,26,"IFSC - Climbing World Championships (B,L,S) - Moscow 2021",,,False,294000.0,2021-09-21 08:26:19 +00:00,confirmed
1085,1,False,False,13.0,11.5,10.45,6141,Qualification,11783,Ryu,NAKAGAWA,,,JPN,25,"IFSC - Climbing World Championships (B,L,S) - Moscow 2021",,,,,,
1086,2,False,True,13.0,9.5,10.45,6141,Qualification,11783,Ryu,NAKAGAWA,,,JPN,25,"IFSC - Climbing World Championships (B,L,S) - Moscow 2021",,,,,,
5554,1,False,False,13.0,,37,6768,Semi-Final,11783,Ryu,NAKAGAWA,,,JPN,25,"IFSC - Climbing World Championships (B,L,S) - Moscow 2021",,,False,260000.0,2021-09-21 08:44:05 +00:00,confirmed
1085,1,False,False,14.0,11.5,4.8,6141,Qualification,1160,Lucka,RAKOVEC,,,SLO,15,"IFSC - Climbing World Championships (B,L,S) - Moscow 2021",,,,,,
1086,2,True,False,14.0,2.0,4.8,6141,Qualification,1160,Lucka,RAKOVEC,,,SLO,15,"IFSC - Climbing World Championships (B,L,S) - Moscow 2021",,,,,,
5554,1,False,True,14.0,,35+,6768,Semi-Final,1160,Lucka,RAKOVEC,,,SLO,15,"IFSC - Climbing World Championships (B,L,S) - Moscow 2021",,,False,244000.0,2021-09-21 09:25:29 +00:00,confirmed
1085,1,False,True,15.0,15.0,16.88,6141,Qualification,147,Viktoriia,MESHKOVA,,,CFR,101,"IFSC - Climbing World Championships (B,L,S) - Moscow 2021",,,,,,
1086,2,False,True,15.0,19.0,16.88,6141,Qualification,147,Viktoriia,MESHKOVA,,,CFR,101,"IFSC - Climbing World Championships (B,L,S) - Moscow 2021",,,,,,
5554,1,False,True,15.0,,33+,6768,Semi-Final,147,Viktoriia,MESHKOVA,,,CFR,101,"IFSC - Climbing World Championships (B,L,S) - Moscow 2021",,,False,227000.0,2021-09-21 08:04:51 +00:00,confirmed
1085,1,False,False,16.0,4.0,6.16,6141,Qualification,1153,Vita,LUKAN,,,SLO,15,"IFSC - Climbing World Championships (B,L,S) - Moscow 2021",,,,,,
1086,2,False,True,16.0,9.5,6.16,6141,Qualification,1153,Vita,LUKAN,,,SLO,15,"IFSC - Climbing World Championships (B,L,S) - Moscow 2021",,,,,,
5554,1,False,False,16.0,,30,6768,Semi-Final,1153,Vita,LUKAN,,,SLO,15,"IFSC - Climbing World Championships (B,L,S) - Moscow 2021",,,False,220000.0,2021-09-21 09:12:43 +00:00,confirmed
1085,1,False,True,17.0,22.5,27.25,6141,Qualification,1486,Ievgeniia,KAZBEKOVA,,,UKR,18,"IFSC - Climbing World Championships (B,L,S) - Moscow 2021",,,,,,
1086,2,False,False,17.0,33.0,27.25,6141,Qualification,1486,Ievgeniia,KAZBEKOVA,,,UKR,18,"IFSC - Climbing World Championships (B,L,S) - Moscow 2021",,,,,,
5554,1,False,False,17.0,,30,6768,Semi-Final,1486,Ievgeniia,KAZBEKOVA,,,UKR,18,"IFSC - Climbing World Championships (B,L,S) - Moscow 2021",,,False,190000.0,2021-09-21 07:15:52 +00:00,confirmed
1085,1,False,False,18.0,28.0,20.15,6141,Qualification,144,Elena,KRASOVSKAIA,,,CFR,101,"IFSC - Climbing World Championships (B,L,S) - Moscow 2021",,,,,,
1086,2,False,True,18.0,14.5,20.15,6141,Qualification,144,Elena,KRASOVSKAIA,,,CFR,101,"IFSC - Climbing World Championships (B,L,S) - Moscow 2021",,,,,,
5554,1,False,False,18.0,,29,6768,Semi-Final,144,Elena,KRASOVSKAIA,,,CFR,101,"IFSC - Climbing World Championships (B,L,S) - Moscow 2021",,,False,197000.0,2021-09-21 07:56:30 +00:00,confirmed
1085,1,False,True,19.0,9.5,9.5,6141,Qualification,1161,Mia,KRAMPL,,,SLO,15,"IFSC - Climbing World Championships (B,L,S) - Moscow 2021",,,,,,
1086,2,False,True,19.0,9.5,9.5,6141,Qualification,1161,Mia,KRAMPL,,,SLO,15,"IFSC - Climbing World Championships (B,L,S) - Moscow 2021",,,,,,
5554,1,False,True,19.0,,28+,6768,Semi-Final,1161,Mia,KRAMPL,,,SLO,15,"IFSC - Climbing World Championships (B,L,S) - Moscow 2021",,,False,176000.0,2021-09-21 08:54:47 +00:00,confirmed
1085,1,False,True,20.0,22.5,20.68,6141,Qualification,11420,Ignacia,MELLADO QUINTEROS,,,CHI,58,"IFSC - Climbing World Championships (B,L,S) - Moscow 2021",,,,,,
1086,2,False,True,20.0,19.0,20.68,6141,Qualification,11420,Ignacia,MELLADO QUINTEROS,,,CHI,58,"IFSC - Climbing World Championships (B,L,S) - Moscow 2021",,,,,,
5554,1,False,True,20.0,,28+,6768,Semi-Final,11420,Ignacia,MELLADO QUINTEROS,,,CHI,58,"IFSC - Climbing World Championships (B,L,S) - Moscow 2021",,,False,208000.0,2021-09-21 07:51:42 +00:00,confirmed
1085,1,False,True,21.0,22.5,23.24,6141,Qualification,1148,Tjasa,SLEMENSEK,,,SLO,15,"IFSC - Climbing World Championships (B,L,S) - Moscow 2021",,,,,,
1086,2,False,True,21.0,24.0,23.24,6141,Qualification,1148,Tjasa,SLEMENSEK,,,SLO,15,"IFSC - Climbing World Championships (B,L,S) - Moscow 2021",,,,,,
5554,1,False,True,21.0,,28+,6768,Semi-Final,1148,Tjasa,SLEMENSEK,,,SLO,15,"IFSC - Climbing World Championships (B,L,S) - Moscow 2021",,,False,197000.0,2021-09-21 07:34:08 +00:00,confirmed
1085,1,False,True,22.0,32.0,27.13,6141,Qualification,3113,Hannah,MEUL,,,GER,6,"IFSC - Climbing World Championships (B,L,S) - Moscow 2021",,,,,,
1086,2,False,True,22.0,23.0,27.13,6141,Qualification,3113,Hannah,MEUL,,,GER,6,"IFSC - Climbing World Championships (B,L,S) - Moscow 2021",,,,,,
5554,1,False,True,22.0,,28+,6768,Semi-Final,3113,Hannah,MEUL,,,GER,6,"IFSC - Climbing World Championships (B,L,S) - Moscow 2021",,,False,184000.0,2021-09-21 07:23:17 +00:00,confirmed
1085,1,False,True,23.0,18.0,23.04,6141,Qualification,3254,Andrea,KÜMIN,,,SUI,8,"IFSC - Climbing World Championships (B,L,S) - Moscow 2021",,,,,,
1086,2,False,True,23.0,29.5,23.04,6141,Qualification,3254,Andrea,KÜMIN,,,SUI,8,"IFSC - Climbing World Championships (B,L,S) - Moscow 2021",,,,,,
5554,1,False,True,23.0,,27+,6768,Semi-Final,3254,Andrea,KÜMIN,,,SUI,8,"IFSC - Climbing World Championships (B,L,S) - Moscow 2021",,,False,167000.0,2021-09-21 07:43:30 +00:00,confirmed
1085,1,False,True,24.0,48.5,21.47,6141,Qualification,1155,Lana,SKUSEK,,,SLO,15,"IFSC - Climbing World Championships (B,L,S) - Moscow 2021",,,,,,
1086,2,False,True,24.0,9.5,21.47,6141,Qualification,1155,Lana,SKUSEK,,,SLO,15,"IFSC - Climbing World Championships (B,L,S) - Moscow 2021",,,,,,
5554,1,False,False,24.0,,24,6768,Semi-Final,1155,Lana,SKUSEK,,,SLO,15,"IFSC - Climbing World Championships (B,L,S) - Moscow 2021",,,False,161000.0,2021-09-21 07:47:09 +00:00,confirmed
1085,1,False,True,25.0,22.5,27.25,6141,Qualification,1239,Julia,FISER,,,AUT,16,"IFSC - Climbing World Championships (B,L,S) - Moscow 2021",,,,,,
1086,2,False,False,25.0,33.0,27.25,6141,Qualification,1239,Julia,FISER,,,AUT,16,"IFSC - Climbing World Championships (B,L,S) - Moscow 2021",,,,,,
5554,1,False,False,25.0,,22,6768,Semi-Final,1239,Julia,FISER,,,AUT,16,"IFSC - Climbing World Championships (B,L,S) - Moscow 2021",,,False,140000.0,2021-09-21 07:25:01 +00:00,confirmed
1085,1,False,True,26.0,15.0,19.75,6141,Qualification,947,Camilla,MORONI,,,ITA,13,"IFSC - Climbing World Championships (B,L,S) - Moscow 2021",,,,,,
1086,2,False,False,26.0,26.0,19.75,6141,Qualification,947,Camilla,MORONI,,,ITA,13,"IFSC - Climbing World Championships (B,L,S) - Moscow 2021",,,,,,
5554,1,False,True,26.0,,21+,6768,Semi-Final,947,Camilla,MORONI,,,ITA,13,"IFSC - Climbing World Championships (B,L,S) - Moscow 2021",,,False,107000.0,2021-09-21 07:59:31 +00:00,confirmed
1085,1,False,True,27.0,22.5,22.25,6141,Qualification,4301,Michelle,HULLIGER,,,SUI,8,"IFSC - Climbing World Championships (B,L,S) - Moscow 2021",,,,,,
1086,2,False,True,27.0,22.0,22.25,6141,Qualification,4301,Michelle,HULLIGER,,,SUI,8,"IFSC - Climbing World Championships (B,L,S) - Moscow 2021",,,,,,
5554,1,False,True,27.0,,21+,6768,Semi-Final,4301,Michelle,HULLIGER,,,SUI,8,"IFSC - Climbing World Championships (B,L,S) - Moscow 2021",,,False,187000.0,2021-09-21 07:43:26 +00:00,confirmed
1085,1,False,True,28.0,22.5,29.43,6141,Qualification,12537,Kylie,CULLEN,,,USA,20,"IFSC - Climbing World Championships (B,L,S) - Moscow 2021",,,,,,
1086,2,False,True,28.0,38.5,29.43,6141,Qualification,12537,Kylie,CULLEN,,,USA,20,"IFSC - Climbing World Championships (B,L,S) - Moscow 2021",,,,,,
1085,1,False,True,29.0,48.5,30.36,6141,Qualification,1438,Michaela,SMETANOVA,,,CZE,17,"IFSC - Climbing World Championships (B,L,S) - Moscow 2021",,,,,,
1086,2,False,True,29.0,19.0,30.36,6141,Qualification,1438,Michaela,SMETANOVA,,,CZE,17,"IFSC - Climbing World Championships (B,L,S) - Moscow 2021",,,,,,
1085,1,False,False,30.0,28.0,30.4,6141,Qualification,316,Chloe,CAULIER,,,BEL,9,"IFSC - Climbing World Championships (B,L,S) - Moscow 2021",,,,,,
1086,2,False,False,30.0,33.0,30.4,6141,Qualification,316,Chloe,CAULIER,,,BEL,9,"IFSC - Climbing World Championships (B,L,S) - Moscow 2021",,,,,,
1085,1,False,True,31.0,32.0,30.72,6141,Qualification,4320,Roxana,WIENAND,,,GER,6,"IFSC - Climbing World Championships (B,L,S) - Moscow 2021",,,,,,
1086,2,False,True,31.0,29.5,30.72,6141,Qualification,4320,Roxana,WIENAND,,,GER,6,"IFSC - Climbing World Championships (B,L,S) - Moscow 2021",,,,,,
1085,1,False,True,32.0,15.0,30.74,6141,Qualification,530,Nolwenn,ARC,,,FRA,10,"IFSC - Climbing World Championships (B,L,S) - Moscow 2021",,,,,,
1086,2,False,True,32.0,63.0,30.74,6141,Qualification,530,Nolwenn,ARC,,,FRA,10,"IFSC - Climbing World Championships (B,L,S) - Moscow 2021",,,,,,
1085,1,False,False,33.0,35.0,31.3,6141,Qualification,1526,Nika,POTAPOVA,,,UKR,18,"IFSC - Climbing World Championships (B,L,S) - Moscow 2021",,,,,,
1086,2,False,False,33.0,28.0,31.3,6141,Qualification,1526,Nika,POTAPOVA,,,UKR,18,"IFSC - Climbing World Championships (B,L,S) - Moscow 2021",,,,,,
1085,1,False,True,34.0,37.0,31.61,6141,Qualification,226,Olesya,PROSEKOVA,,,CFR,101,"IFSC - Climbing World Championships (B,L,S) - Moscow 2021",,,,,,
1086,2,False,False,34.0,27.0,31.61,6141,Qualification,226,Olesya,PROSEKOVA,,,CFR,101,"IFSC - Climbing World Championships (B,L,S) - Moscow 2021",,,,,,
1085,1,False,True,35.0,22.5,32.17,6141,Qualification,3465,Elnaz,REKABI,,,IRI,49,"IFSC - Climbing World Championships (B,L,S) - Moscow 2021",,,,,,
1086,2,False,True,35.0,46.0,32.17,6141,Qualification,3465,Elnaz,REKABI,,,IRI,49,"IFSC - Climbing World Championships (B,L,S) - Moscow 2021",,,,,,
1085,1,False,True,36.0,32.0,32.5,6141,Qualification,3594,Lynn,VAN DER MEER,,,NED,50,"IFSC - Climbing World Championships (B,L,S) - Moscow 2021",,,,,,
1086,2,False,False,36.0,33.0,32.5,6141,Qualification,3594,Lynn,VAN DER MEER,,,NED,50,"IFSC - Climbing World Championships (B,L,S) - Moscow 2021",,,,,,
1085,1,False,False,37.0,28.0,34.29,6141,Qualification,11813,Cloe,COSCOY,,,USA,20,"IFSC - Climbing World Championships (B,L,S) - Moscow 2021",,,,,,
1086,2,False,False,37.0,42.0,34.29,6141,Qualification,11813,Cloe,COSCOY,,,USA,20,"IFSC - Climbing World Championships (B,L,S) - Moscow 2021",,,,,,
1085,1,False,True,38.0,48.5,34.82,6141,Qualification,2141,Hsiu-ju,LIN,,,TPE,22,"IFSC - Climbing World Championships (B,L,S) - Moscow 2021",,,,,,
1086,2,False,False,38.0,25.0,34.82,6141,Qualification,2141,Hsiu-ju,LIN,,,TPE,22,"IFSC - Climbing World Championships (B,L,S) - Moscow 2021",,,,,,
1085,1,False,True,39.0,32.0,35.1,6141,Qualification,12324,Martina,DEMMEL,,,GER,6,"IFSC - Climbing World Championships (B,L,S) - Moscow 2021",,,,,,
1086,2,False,True,39.0,38.5,35.1,6141,Qualification,12324,Martina,DEMMEL,,,GER,6,"IFSC - Climbing World Championships (B,L,S) - Moscow 2021",,,,,,
1085,1,False,True,39.0,32.0,35.1,6141,Qualification,1259,Eva Maria,HAMMELMÜLLER,,,AUT,16,"IFSC - Climbing World Championships (B,L,S) - Moscow 2021",,,,,,
1086,2,False,True,39.0,38.5,35.1,6141,Qualification,1259,Eva Maria,HAMMELMÜLLER,,,AUT,16,"IFSC - Climbing World Championships (B,L,S) - Moscow 2021",,,,,,
1085,1,False,True,41.0,37.0,37.74,6141,Qualification,3424,Käthe,ATKINS,,,GER,6,"IFSC - Climbing World Championships (B,L,S) - Moscow 2021",,,,,,
1086,2,False,True,41.0,38.5,37.74,6141,Qualification,3424,Käthe,ATKINS,,,GER,6,"IFSC - Climbing World Championships (B,L,S) - Moscow 2021",,,,,,
1085,1,False,True,42.0,37.0,41.26,6141,Qualification,4017,Ayala,KEREM,,,ISR,60,"IFSC - Climbing World Championships (B,L,S) - Moscow 2021",,,,,,
1086,2,False,True,42.0,46.0,41.26,6141,Qualification,4017,Ayala,KEREM,,,ISR,60,"IFSC - Climbing World Championships (B,L,S) - Moscow 2021",,,,,,
1085,1,False,True,43.0,40.0,42.9,6141,Qualification,3986,Yael,TAUB,,,ISR,60,"IFSC - Climbing World Championships (B,L,S) - Moscow 2021",,,,,,
1086,2,False,True,43.0,46.0,42.9,6141,Qualification,3986,Yael,TAUB,,,ISR,60,"IFSC - Climbing World Championships (B,L,S) - Moscow 2021",,,,,,
1085,1,False,True,44.0,48.5,43.21,6141,Qualification,1453,Marketa,JANOSOVA,,,CZE,17,"IFSC - Climbing World Championships (B,L,S) - Moscow 2021",,,,,,
1086,2,False,True,44.0,38.5,43.21,6141,Qualification,1453,Marketa,JANOSOVA,,,CZE,17,"IFSC - Climbing World Championships (B,L,S) - Moscow 2021",,,,,,
1085,1,False,True,44.0,48.5,43.21,6141,Qualification,11784,Hana,KOIKE,,,JPN,25,"IFSC - Climbing World Championships (B,L,S) - Moscow 2021",,,,,,
1086,2,False,True,44.0,38.5,43.21,6141,Qualification,11784,Hana,KOIKE,,,JPN,25,"IFSC - Climbing World Championships (B,L,S) - Moscow 2021",,,,,,
1085,1,False,False,46.0,58.0,43.75,6141,Qualification,3979,Valeri,KREMER,,,ISR,60,"IFSC - Climbing World Championships (B,L,S) - Moscow 2021",,,,,,
1086,2,False,False,46.0,33.0,43.75,6141,Qualification,3979,Valeri,KREMER,,,ISR,60,"IFSC - Climbing World Championships (B,L,S) - Moscow 2021",,,,,,
1085,1,False,False,47.0,39.0,43.94,6141,Qualification,4002,Noa,SHIRAN,,,ISR,60,"IFSC - Climbing World Championships (B,L,S) - Moscow 2021",,,,,,
1086,2,False,False,47.0,49.5,43.94,6141,Qualification,4002,Noa,SHIRAN,,,ISR,60,"IFSC - Climbing World Championships (B,L,S) - Moscow 2021",,,,,,
1085,1,False,True,48.0,48.5,45.67,6141,Qualification,3161,Valentina,AGUADO,,,ARG,41,"IFSC - Climbing World Championships (B,L,S) - Moscow 2021",,,,,,
1086,2,False,True,48.0,43.0,45.67,6141,Qualification,3161,Valentina,AGUADO,,,ARG,41,"IFSC - Climbing World Championships (B,L,S) - Moscow 2021",,,,,,
1085,1,False,True,49.0,48.5,47.23,6141,Qualification,1914,Quinn,MASON,,,USA,20,"IFSC - Climbing World Championships (B,L,S) - Moscow 2021",,,,,,
1086,2,False,True,49.0,46.0,47.23,6141,Qualification,1914,Quinn,MASON,,,USA,20,"IFSC - Climbing World Championships (B,L,S) - Moscow 2021",,,,,,
1085,1,False,True,50.0,48.5,49.98,6141,Qualification,3524,Mahya,DARABIAN,,,IRI,49,"IFSC - Climbing World Championships (B,L,S) - Moscow 2021",,,,,,
1086,2,False,True,50.0,51.5,49.98,6141,Qualification,3524,Mahya,DARABIAN,,,IRI,49,"IFSC - Climbing World Championships (B,L,S) - Moscow 2021",,,,,,
1085,1,False,True,50.0,48.5,49.98,6141,Qualification,11614,Bianca,MAGALHAES DE CASTRO ,,,BRA,40,"IFSC - Climbing World Championships (B,L,S) - Moscow 2021",,,,,,
1086,2,False,True,50.0,51.5,49.98,6141,Qualification,11614,Bianca,MAGALHAES DE CASTRO ,,,BRA,40,"IFSC - Climbing World Championships (B,L,S) - Moscow 2021",,,,,,
1085,1,False,True,52.0,48.5,51.18,6141,Qualification,3086,Ingrid,KINDLIHAGEN,,,NOR,39,"IFSC - Climbing World Championships (B,L,S) - Moscow 2021",,,,,,
1086,2,False,True,52.0,54.0,51.18,6141,Qualification,3086,Ingrid,KINDLIHAGEN,,,NOR,39,"IFSC - Climbing World Championships (B,L,S) - Moscow 2021",,,,,,
1085,1,False,False,53.0,58.0,51.65,6141,Qualification,4018,Maya,DREAMER,,,ISR,60,"IFSC - Climbing World Championships (B,L,S) - Moscow 2021",,,,,,
1086,2,False,True,53.0,46.0,51.65,6141,Qualification,4018,Maya,DREAMER,,,ISR,60,"IFSC - Climbing World Championships (B,L,S) - Moscow 2021",,,,,,
1085,1,False,False,54.0,41.0,52.02,6141,Qualification,12397,Daria,MEZENTSEVA,,,CFR,101,"IFSC - Climbing World Championships (B,L,S) - Moscow 2021",,,,,,
1086,2,False,False,54.0,66.0,52.02,6141,Qualification,12397,Daria,MEZENTSEVA,,,CFR,101,"IFSC - Climbing World Championships (B,L,S) - Moscow 2021",,,,,,
1085,1,False,True,55.0,48.5,52.58,6141,Qualification,3911,Alejandra,CONTRERAS,,,CHI,58,"IFSC - Climbing World Championships (B,L,S) - Moscow 2021",,,,,,
1086,2,False,False,55.0,57.0,52.58,6141,Qualification,3911,Alejandra,CONTRERAS,,,CHI,58,"IFSC - Climbing World Championships (B,L,S) - Moscow 2021",,,,,,
1085,1,False,True,56.0,48.5,53.04,6141,Qualification,3925,Puntarika,TUNYAVANICH,,,THA,59,"IFSC - Climbing World Championships (B,L,S) - Moscow 2021",,,,,,
1086,2,False,True,56.0,58.0,53.04,6141,Qualification,3925,Puntarika,TUNYAVANICH,,,THA,59,"IFSC - Climbing World Championships (B,L,S) - Moscow 2021",,,,,,
1085,1,False,False,57.0,58.0,53.58,6141,Qualification,1488,Margaryta,ZAKHAROVA,,,UKR,18,"IFSC - Climbing World Championships (B,L,S) - Moscow 2021",,,,,,
1086,2,False,False,57.0,49.5,53.58,6141,Qualification,1488,Margaryta,ZAKHAROVA,,,UKR,18,"IFSC - Climbing World Championships (B,L,S) - Moscow 2021",,,,,,
1085,1,False,True,58.0,48.5,53.72,6141,Qualification,3374,Margarita,AGAMBAYEVA,,,KAZ,47,"IFSC - Climbing World Championships (B,L,S) - Moscow 2021",,,,,,
1086,2,False,True,58.0,59.5,53.72,6141,Qualification,3374,Margarita,AGAMBAYEVA,,,KAZ,47,"IFSC - Climbing World Championships (B,L,S) - Moscow 2021",,,,,,
1085,1,False,False,59.0,58.0,55.44,6141,Qualification,2139,Hung Ying,LEE,,,TPE,22,"IFSC - Climbing World Championships (B,L,S) - Moscow 2021",,,,,,
1086,2,False,False,59.0,53.0,55.44,6141,Qualification,2139,Hung Ying,LEE,,,TPE,22,"IFSC - Climbing World Championships (B,L,S) - Moscow 2021",,,,,,
1085,1,False,True,60.0,61.0,58.19,6141,Qualification,3209,Andrea,ROJAS,,,ECU,44,"IFSC - Climbing World Championships (B,L,S) - Moscow 2021",,,,,,
1086,2,False,True,60.0,55.5,58.19,6141,Qualification,3209,Andrea,ROJAS,,,ECU,44,"IFSC - Climbing World Championships (B,L,S) - Moscow 2021",,,,,,
1085,1,False,False,61.0,62.0,58.66,6141,Qualification,3357,Tamara,ULZHABAYEVA,,,KAZ,47,"IFSC - Climbing World Championships (B,L,S) - Moscow 2021",,,,,,
1086,2,False,True,61.0,55.5,58.66,6141,Qualification,3357,Tamara,ULZHABAYEVA,,,KAZ,47,"IFSC - Climbing World Championships (B,L,S) - Moscow 2021",,,,,,
1085,1,False,False,62.0,58.0,58.75,6141,Qualification,3525,Rahil,RAMEZANI,,,IRI,49,"IFSC - Climbing World Championships (B,L,S) - Moscow 2021",,,,,,
1086,2,False,True,62.0,59.5,58.75,6141,Qualification,3525,Rahil,RAMEZANI,,,IRI,49,"IFSC - Climbing World Championships (B,L,S) - Moscow 2021",,,,,,
1085,1,False,False,63.0,64.0,63.5,6141,Qualification,3152,Patrícia,ANTUNES,,,BRA,40,"IFSC - Climbing World Championships (B,L,S) - Moscow 2021",,,,,,
1086,2,False,True,63.0,63.0,63.5,6141,Qualification,3152,Patrícia,ANTUNES,,,BRA,40,"IFSC - Climbing World Championships (B,L,S) - Moscow 2021",,,,,,
1085,1,False,True,64.0,66.0,64.48,6141,Qualification,1543,Yevheniia,CHERNIAVSKA,,,UKR,18,"IFSC - Climbing World Championships (B,L,S) - Moscow 2021",,,,,,
1086,2,False,True,64.0,63.0,64.48,6141,Qualification,1543,Yevheniia,CHERNIAVSKA,,,UKR,18,"IFSC - Climbing World Championships (B,L,S) - Moscow 2021",,,,,,
1085,1,False,False,65.0,67.0,64.97,6141,Qualification,4090,Gülay,BALIK,,,TUR,62,"IFSC - Climbing World Championships (B,L,S) - Moscow 2021",,,,,,
1086,2,False,True,65.0,63.0,64.97,6141,Qualification,4090,Gülay,BALIK,,,TUR,62,"IFSC - Climbing World Championships (B,L,S) - Moscow 2021",,,,,,
1085,1,False,True,66.0,68.5,65.69,6141,Qualification,4087,Duru Güneş,YALCIN,,,TUR,62,"IFSC - Climbing World Championships (B,L,S) - Moscow 2021",,,,,,
1086,2,False,True,66.0,63.0,65.69,6141,Qualification,4087,Duru Güneş,YALCIN,,,TUR,62,"IFSC - Climbing World Championships (B,L,S) - Moscow 2021",,,,,,
1085,1,False,True,67.0,63.0,66.41,6141,Qualification,3912,Carmen,CONTRERAS,,,CHI,58,"IFSC - Climbing World Championships (B,L,S) - Moscow 2021",,,,,,
1086,2,False,False,67.0,70.0,66.41,6141,Qualification,3912,Carmen,CONTRERAS,,,CHI,58,"IFSC - Climbing World Championships (B,L,S) - Moscow 2021",,,,,,
1085,1,False,False,68.0,65.0,66.48,6141,Qualification,3454,Maryia,VERNIKOUSKAYA,,,BLR,48,"IFSC - Climbing World Championships (B,L,S) - Moscow 2021",,,,,,
1086,2,False,False,68.0,68.0,66.48,6141,Qualification,3454,Maryia,VERNIKOUSKAYA,,,BLR,48,"IFSC - Climbing World Championships (B,L,S) - Moscow 2021",,,,,,
1085,1,False,True,69.0,68.5,67.75,6141,Qualification,1517,Tetiana,KOLKOTINA,,,UKR,18,"IFSC - Climbing World Championships (B,L,S) - Moscow 2021",,,,,,
1086,2,False,True,69.0,67.0,67.75,6141,Qualification,1517,Tetiana,KOLKOTINA,,,UKR,18,"IFSC - Climbing World Championships (B,L,S) - Moscow 2021",,,,,,
1085,1,False,True,70.0,70.0,69.5,6141,Qualification,13105,Camila,FLORES,,,BRA,40,"IFSC - Climbing World Championships (B,L,S) - Moscow 2021",,,,,,
1086,2,False,True,70.0,69.0,69.5,6141,Qualification,13105,Camila,FLORES,,,BRA,40,"IFSC - Climbing World Championships (B,L,S) - Moscow 2021",,,,,,
1085,1,False,False,,,DNS,6141,Qualification,3060,Tina Johnsen,HAFSAAS,,,NOR,39,"IFSC - Climbing World Championships (B,L,S) - Moscow 2021",,,,,,
1086,2,False,False,,,DNS,6141,Qualification,3060,Tina Johnsen,HAFSAAS,,,NOR,39,"IFSC - Climbing World Championships (B,L,S) - Moscow 2021",,,,,,
1085,1,False,False,,,DNS,6141,Qualification,2357,Futaba,ITO,,,JPN,25,"IFSC - Climbing World Championships (B,L,S) - Moscow 2021",,,,,,
1086,2,False,False,,,DNS,6141,Qualification,2357,Futaba,ITO,,,JPN,25,"IFSC - Climbing World Championships (B,L,S) - Moscow 2021",,,,,,
1085,1,False,False,,,DNS,6141,Qualification,3139,Thais Makino,SHIRAIWA,,,BRA,40,"IFSC - Climbing World Championships (B,L,S) - Moscow 2021",,,,,,
1086,2,False,False,,,DNS,6141,Qualification,3139,Thais Makino,SHIRAIWA,,,BRA,40,"IFSC - Climbing World Championships (B,L,S) - Moscow 2021",,,,,,
1085,1,False,False,,,DNS,6141,Qualification,3098,Sunniva,ØVRE-EIDE,,,NOR,39,"IFSC - Climbing World Championships (B,L,S) - Moscow 2021",,,,,,
1086,2,False,False,,,DNS,6141,Qualification,3098,Sunniva,ØVRE-EIDE,,,NOR,39,"IFSC - Climbing World Championships (B,L,S) - Moscow 2021",,,,,,
10819,1,False,True,1.0,3.0,1.73,7702,Qualification,2380,Ai,MORI,,,JPN,25,"IFSC - Climbing World Championships (B,L,S,B&L) - Bern (SUI) 2023",Group B,,,,,
10820,2,False,True,1.0,1.0,1.73,7702,Qualification,2380,Ai,MORI,,,JPN,25,"IFSC - Climbing World Championships (B,L,S,B&L) - Bern (SUI) 2023",Group B,,,,,
10726,1,False,False,1.0,,52,8323,Semi-final,2380,Ai,MORI,,,JPN,25,"IFSC - Climbing World Championships (B,L,S,B&L) - Bern (SUI) 2023",,,False,0.0,2023-08-06 10:50:56 +00:00,locked
10728,1,True,False,1.0,,TOP,8325,Final,2380,Ai,MORI,,,JPN,25,"IFSC - Climbing World Championships (B,L,S,B&L) - Bern (SUI) 2023",,,False,0.0,2023-08-06 17:38:19 +00:00,locked
10817,1,True,False,2.0,1.0,1.0,7702,Qualification,1147,Janja,GARNBRET,,,SLO,15,"IFSC - Climbing World Championships (B,L,S,B&L) - Bern (SUI) 2023",Group A,,,,,
10818,2,True,False,2.0,1.0,1.0,7702,Qualification,1147,Janja,GARNBRET,,,SLO,15,"IFSC - Climbing World Championships (B,L,S,B&L) - Bern (SUI) 2023",Group A,,,,,
10726,1,False,False,2.0,,47,8323,Semi-final,1147,Janja,GARNBRET,,,SLO,15,"IFSC - Climbing World Championships (B,L,S,B&L) - Bern (SUI) 2023",,,False,0.0,2023-08-06 10:50:57 +00:00,locked
10728,1,True,False,2.0,,TOP,8325,Final,1147,Janja,GARNBRET,,,SLO,15,"IFSC - Climbing World Championships (B,L,S,B&L) - Bern (SUI) 2023",,,False,0.0,2023-08-06 17:38:18 +00:00,locked
10819,1,True,False,3.0,1.5,2.29,7702,Qualification,2080,Chaehyun,SEO,,,KOR,21,"IFSC - Climbing World Championships (B,L,S,B&L) - Bern (SUI) 2023",Group B,,,,,
10820,2,False,True,3.0,3.5,2.29,7702,Qualification,2080,Chaehyun,SEO,,,KOR,21,"IFSC - Climbing World Championships (B,L,S,B&L) - Bern (SUI) 2023",Group B,,,,,
10726,1,False,False,3.0,,37,8323,Semi-final,2080,Chaehyun,SEO,,,KOR,21,"IFSC - Climbing World Championships (B,L,S,B&L) - Bern (SUI) 2023",,,False,0.0,2023-08-06 10:50:55 +00:00,locked
10728,1,False,True,3.0,,47+,8325,Final,2080,Chaehyun,SEO,,,KOR,21,"IFSC - Climbing World Championships (B,L,S,B&L) - Bern (SUI) 2023",,,False,0.0,2023-08-06 17:38:13 +00:00,locked
10817,1,False,False,4.0,6.0,8.31,7702,Qualification,1161,Mia,KRAMPL,,,SLO,15,"IFSC - Climbing World Championships (B,L,S,B&L) - Bern (SUI) 2023",Group A,,,,,
10818,2,False,False,4.0,11.5,8.31,7702,Qualification,1161,Mia,KRAMPL,,,SLO,15,"IFSC - Climbing World Championships (B,L,S,B&L) - Bern (SUI) 2023",Group A,,,,,
10726,1,False,True,4.0,,36+,8323,Semi-final,1161,Mia,KRAMPL,,,SLO,15,"IFSC - Climbing World Championships (B,L,S,B&L) - Bern (SUI) 2023",,,False,0.0,2023-08-06 09:17:19 +00:00,locked
10728,1,False,False,4.0,,42,8325,Final,1161,Mia,KRAMPL,,,SLO,15,"IFSC - Climbing World Championships (B,L,S,B&L) - Bern (SUI) 2023",,,False,0.0,2023-08-06 17:38:10 +00:00,locked
10817,1,False,True,5.0,2.0,2.0,7702,Qualification,1811,Brooke,RABOUTOU,,,USA,20,"IFSC - Climbing World Championships (B,L,S,B&L) - Bern (SUI) 2023",Group A,,,,,
10818,2,False,True,5.0,2.0,2.0,7702,Qualification,1811,Brooke,RABOUTOU,,,USA,20,"IFSC - Climbing World Championships (B,L,S,B&L) - Bern (SUI) 2023",Group A,,,,,
10726,1,False,True,5.0,,44+,8323,Semi-final,1811,Brooke,RABOUTOU,,,USA,20,"IFSC - Climbing World Championships (B,L,S,B&L) - Bern (SUI) 2023",,,False,0.0,2023-08-06 10:50:55 +00:00,locked
10728,1,False,True,5.0,,39+,8325,Final,1811,Brooke,RABOUTOU,,,USA,20,"IFSC - Climbing World Championships (B,L,S,B&L) - Bern (SUI) 2023",,,False,0.0,2023-08-06 17:38:17 +00:00,locked
10819,1,False,True,6.0,6.5,4.77,7702,Qualification,1226,Jessica,PILZ,,,AUT,16,"IFSC - Climbing World Championships (B,L,S,B&L) - Bern (SUI) 2023",Group B,,,,,
10820,2,False,True,6.0,3.5,4.77,7702,Qualification,1226,Jessica,PILZ,,,AUT,16,"IFSC - Climbing World Championships (B,L,S,B&L) - Bern (SUI) 2023",Group B,,,,,
10726,1,False,False,6.0,,37,8323,Semi-final,1226,Jessica,PILZ,,,AUT,16,"IFSC - Climbing World Championships (B,L,S,B&L) - Bern (SUI) 2023",,,False,0.0,2023-08-06 10:50:50 +00:00,locked
10728,1,False,False,6.0,,39,8325,Final,1226,Jessica,PILZ,,,AUT,16,"IFSC - Climbing World Championships (B,L,S,B&L) - Bern (SUI) 2023",,,False,0.0,2023-08-06 17:10:19 +00:00,locked
10819,1,True,False,7.0,1.5,2.29,7702,Qualification,928,Laura,ROGORA,,,ITA,13,"IFSC - Climbing World Championships (B,L,S,B&L) - Bern (SUI) 2023",Group B,,,,,
10820,2,False,True,7.0,3.5,2.29,7702,Qualification,928,Laura,ROGORA,,,ITA,13,"IFSC - Climbing World Championships (B,L,S,B&L) - Bern (SUI) 2023",Group B,,,,,
10726,1,False,True,7.0,,37+,8323,Semi-final,928,Laura,ROGORA,,,ITA,13,"IFSC - Climbing World Championships (B,L,S,B&L) - Bern (SUI) 2023",,,False,0.0,2023-08-06 10:50:52 +00:00,locked
10728,1,False,True,7.0,,36+,8325,Final,928,Laura,ROGORA,,,ITA,13,"IFSC - Climbing World Championships (B,L,S,B&L) - Bern (SUI) 2023",,,False,0.0,2023-08-06 17:38:14 +00:00,locked
10817,1,False,True,8.0,7.0,8.15,7702,Qualification,2294,Miho,NONAKA,,,JPN,25,"IFSC - Climbing World Championships (B,L,S,B&L) - Bern (SUI) 2023",Group A,,,,,
10818,2,False,True,8.0,9.5,8.15,7702,Qualification,2294,Miho,NONAKA,,,JPN,25,"IFSC - Climbing World Championships (B,L,S,B&L) - Bern (SUI) 2023",Group A,,,,,
10726,1,False,True,8.0,,36+,8323,Semi-final,2294,Miho,NONAKA,,,JPN,25,"IFSC - Climbing World Championships (B,L,S,B&L) - Bern (SUI) 2023",,,False,0.0,2023-08-06 10:50:42 +00:00,locked
10728,1,False,False,8.0,,32,8325,Final,2294,Miho,NONAKA,,,JPN,25,"IFSC - Climbing World Championships (B,L,S,B&L) - Bern (SUI) 2023",,,False,,2023-08-06 16:55:18 +00:00,locked
10817,1,False,True,9.0,3.0,8.03,7702,Qualification,642,Molly,THOMPSON-SMITH,,,GBR,11,"IFSC - Climbing World Championships (B,L,S,B&L) - Bern (SUI) 2023",Group A,,,,,
10818,2,False,False,9.0,21.5,8.03,7702,Qualification,642,Molly,THOMPSON-SMITH,,,GBR,11,"IFSC - Climbing World Championships (B,L,S,B&L) - Bern (SUI) 2023",Group A,,,,,
10726,1,False,True,9.0,,37+,8323,Semi-final,642,Molly,THOMPSON-SMITH,,,GBR,11,"IFSC - Climbing World Championships (B,L,S,B&L) - Bern (SUI) 2023",,,False,0.0,2023-08-06 10:50:45 +00:00,locked
10728,1,False,True,9.0,,26+,8325,Final,642,Molly,THOMPSON-SMITH,,,GBR,11,"IFSC - Climbing World Championships (B,L,S,B&L) - Bern (SUI) 2023",,,False,0.0,2023-08-06 17:38:16 +00:00,locked
10817,1,False,False,10.0,10.0,7.42,7702,Qualification,1153,Vita,LUKAN,,,SLO,15,"IFSC - Climbing World Championships (B,L,S,B&L) - Bern (SUI) 2023",Group A,,,,,
10818,2,False,True,10.0,5.5,7.42,7702,Qualification,1153,Vita,LUKAN,,,SLO,15,"IFSC - Climbing World Championships (B,L,S,B&L) - Bern (SUI) 2023",Group A,,,,,
10726,1,False,True,10.0,,35+,8323,Semi-final,1153,Vita,LUKAN,,,SLO,15,"IFSC - Climbing World Championships (B,L,S,B&L) - Bern (SUI) 2023",,,False,0.0,2023-08-06 10:50:48 +00:00,locked
10819,1,False,True,11.0,6.5,7.21,7702,Qualification,11462,Oriane,BERTONE,,,FRA,10,"IFSC - Climbing World Championships (B,L,S,B&L) - Bern (SUI) 2023",Group B,,,,,
10820,2,False,True,11.0,8.0,7.21,7702,Qualification,11462,Oriane,BERTONE,,,FRA,10,"IFSC - Climbing World Championships (B,L,S,B&L) - Bern (SUI) 2023",Group B,,,,,
10726,1,False,True,11.0,,34+,8323,Semi-final,11462,Oriane,BERTONE,,,FRA,10,"IFSC - Climbing World Championships (B,L,S,B&L) - Bern (SUI) 2023",,,False,0.0,2023-08-06 10:50:43 +00:00,locked
10819,1,False,False,12.0,4.0,5.29,7702,Qualification,462,Manon,HILY,,,FRA,10,"IFSC - Climbing World Championships (B,L,S,B&L) - Bern (SUI) 2023",Group B,,,,,
10820,2,False,False,12.0,7.0,5.29,7702,Qualification,462,Manon,HILY,,,FRA,10,"IFSC - Climbing World Championships (B,L,S,B&L) - Bern (SUI) 2023",Group B,,,,,
10726,1,False,False,12.0,,33,8323,Semi-final,462,Manon,HILY,,,FRA,10,"IFSC - Climbing World Championships (B,L,S,B&L) - Bern (SUI) 2023",,,False,0.0,2023-08-06 10:50:47 +00:00,locked
10819,1,False,True,13.0,14.0,9.17,7702,Qualification,455,Hélène,JANICOT,,,FRA,10,"IFSC - Climbing World Championships (B,L,S,B&L) - Bern (SUI) 2023",Group B,,,,,
10820,2,False,True,13.0,6.0,9.17,7702,Qualification,455,Hélène,JANICOT,,,FRA,10,"IFSC - Climbing World Championships (B,L,S,B&L) - Bern (SUI) 2023",Group B,,,,,
10726,1,False,True,13.0,,32+,8323,Semi-final,455,Hélène,JANICOT,,,FRA,10,"IFSC - Climbing World Championships (B,L,S,B&L) - Bern (SUI) 2023",,,False,0.0,2023-08-06 09:17:15 +00:00,locked
10819,1,False,False,13.0,5.0,8.37,7702,Qualification,2035,Jain,KIM,,,KOR,21,"IFSC - Climbing World Championships (B,L,S,B&L) - Bern (SUI) 2023",Group B,,,,,
10820,2,False,True,13.0,14.0,8.37,7702,Qualification,2035,Jain,KIM,,,KOR,21,"IFSC - Climbing World Championships (B,L,S,B&L) - Bern (SUI) 2023",Group B,,,,,
10726,1,False,True,13.0,,32+,8323,Semi-final,2035,Jain,KIM,,,KOR,21,"IFSC - Climbing World Championships (B,L,S,B&L) - Bern (SUI) 2023",,,False,0.0,2023-08-06 09:17:30 +00:00,locked
10817,1,False,True,13.0,8.0,6.63,7702,Qualification,13021,Anastasia,SANDERS,,,USA,20,"IFSC - Climbing World Championships (B,L,S,B&L) - Bern (SUI) 2023",Group A,,,,,
10818,2,False,True,13.0,5.5,6.63,7702,Qualification,13021,Anastasia,SANDERS,,,USA,20,"IFSC - Climbing World Championships (B,L,S,B&L) - Bern (SUI) 2023",Group A,,,,,
10726,1,False,True,13.0,,32+,8323,Semi-final,13021,Anastasia,SANDERS,,,USA,20,"IFSC - Climbing World Championships (B,L,S,B&L) - Bern (SUI) 2023",,,False,0.0,2023-08-06 10:50:50 +00:00,locked
10817,1,False,True,13.0,9.0,12.37,7702,Qualification,13558,Yejoo,SEO,,,KOR,21,"IFSC - Climbing World Championships (B,L,S,B&L) - Bern (SUI) 2023",Group A,,,,,
10818,2,False,False,13.0,17.0,12.37,7702,Qualification,13558,Yejoo,SEO,,,KOR,21,"IFSC - Climbing World Championships (B,L,S,B&L) - Bern (SUI) 2023",Group A,,,,,
10726,1,False,True,13.0,,32+,8323,Semi-final,13558,Yejoo,SEO,,,KOR,21,"IFSC - Climbing World Championships (B,L,S,B&L) - Bern (SUI) 2023",,,False,0.0,2023-08-06 09:17:13 +00:00,locked
10819,1,False,True,13.0,8.0,12.33,7702,Qualification,3594,Lynn,VAN DER MEER,,,NED,50,"IFSC - Climbing World Championships (B,L,S,B&L) - Bern (SUI) 2023",Group B,,,,,
10820,2,False,True,13.0,19.0,12.33,7702,Qualification,3594,Lynn,VAN DER MEER,,,NED,50,"IFSC - Climbing World Championships (B,L,S,B&L) - Bern (SUI) 2023",Group B,,,,,
10726,1,False,True,13.0,,32+,8323,Semi-final,3594,Lynn,VAN DER MEER,,,NED,50,"IFSC - Climbing World Championships (B,L,S,B&L) - Bern (SUI) 2023",,,False,0.0,2023-08-06 09:17:07 +00:00,locked
10817,1,False,False,18.0,4.5,3.67,7702,Qualification,13041,Nonoha,KUME,,,JPN,25,"IFSC - Climbing World Championships (B,L,S,B&L) - Bern (SUI) 2023",Group A,,,,,
10818,2,False,True,18.0,3.0,3.67,7702,Qualification,13041,Nonoha,KUME,,,JPN,25,"IFSC - Climbing World Championships (B,L,S,B&L) - Bern (SUI) 2023",Group A,,,,,
10726,1,False,False,18.0,,32,8323,Semi-final,13041,Nonoha,KUME,,,JPN,25,"IFSC - Climbing World Championships (B,L,S,B&L) - Bern (SUI) 2023",,,False,0.0,2023-08-06 11:09:09 +00:00,locked
10819,1,False,False,18.0,12.0,13.86,7702,Qualification,1181,Lucija,TARKUS,,,SLO,15,"IFSC - Climbing World Championships (B,L,S,B&L) - Bern (SUI) 2023",Group B,,,,,
10820,2,False,True,18.0,16.0,13.86,7702,Qualification,1181,Lucija,TARKUS,,,SLO,15,"IFSC - Climbing World Championships (B,L,S,B&L) - Bern (SUI) 2023",Group B,,,,,
10726,1,False,False,18.0,,32,8323,Semi-final,1181,Lucija,TARKUS,,,SLO,15,"IFSC - Climbing World Championships (B,L,S,B&L) - Bern (SUI) 2023",,,False,,2023-08-06 09:26:57 +00:00,locked
10819,1,False,True,20.0,17.5,7.83,7702,Qualification,620,Zélia,AVEZOU,,,FRA,10,"IFSC - Climbing World Championships (B,L,S,B&L) - Bern (SUI) 2023",Group B,,,,,
10820,2,False,True,20.0,3.5,7.83,7702,Qualification,620,Zélia,AVEZOU,,,FRA,10,"IFSC - Climbing World Championships (B,L,S,B&L) - Bern (SUI) 2023",Group B,,,,,
10726,1,False,False,20.0,,28,8323,Semi-final,620,Zélia,AVEZOU,,,FRA,10,"IFSC - Climbing World Championships (B,L,S,B&L) - Bern (SUI) 2023",,,False,0.0,2023-08-06 09:17:32 +00:00,locked
10819,1,False,True,21.0,10.5,10.75,7702,Qualification,11546,Sara,COPAR,,,SLO,15,"IFSC - Climbing World Championships (B,L,S,B&L) - Bern (SUI) 2023",Group B,,,,,
10820,2,False,True,21.0,11.0,10.75,7702,Qualification,11546,Sara,COPAR,,,SLO,15,"IFSC - Climbing World Championships (B,L,S,B&L) - Bern (SUI) 2023",Group B,,,,,
10726,1,False,True,21.0,,27+,8323,Semi-final,11546,Sara,COPAR,,,SLO,15,"IFSC - Climbing World Championships (B,L,S,B&L) - Bern (SUI) 2023",,,False,0.0,2023-08-06 09:17:13 +00:00,locked
10819,1,False,True,21.0,9.0,9.0,7702,Qualification,947,Camilla,MORONI,,,ITA,13,"IFSC - Climbing World Championships (B,L,S,B&L) - Bern (SUI) 2023",Group B,,,,,
10820,2,False,False,21.0,9.0,9.0,7702,Qualification,947,Camilla,MORONI,,,ITA,13,"IFSC - Climbing World Championships (B,L,S,B&L) - Bern (SUI) 2023",Group B,,,,,
10726,1,False,True,21.0,,27+,8323,Semi-final,947,Camilla,MORONI,,,ITA,13,"IFSC - Climbing World Championships (B,L,S,B&L) - Bern (SUI) 2023",,,False,0.0,2023-08-06 09:17:17 +00:00,locked
10817,1,False,True,21.0,12.5,13.23,7702,Qualification,1266,Mattea,PÖTZI,,,AUT,16,"IFSC - Climbing World Championships (B,L,S,B&L) - Bern (SUI) 2023",Group A,,,,,
10818,2,False,True,21.0,14.0,13.23,7702,Qualification,1266,Mattea,PÖTZI,,,AUT,16,"IFSC - Climbing World Championships (B,L,S,B&L) - Bern (SUI) 2023",Group A,,,,,
10726,1,False,True,21.0,,27+,8323,Semi-final,1266,Mattea,PÖTZI,,,AUT,16,"IFSC - Climbing World Championships (B,L,S,B&L) - Bern (SUI) 2023",,,False,0.0,2023-08-06 09:17:11 +00:00,locked
10817,1,False,False,24.0,15.0,9.08,7702,Qualification,3840,Stasa,GEJO,,,SRB,56,"IFSC - Climbing World Championships (B,L,S,B&L) - Bern (SUI) 2023",Group A,,,,,
10818,2,False,True,24.0,5.5,9.08,7702,Qualification,3840,Stasa,GEJO,,,SRB,56,"IFSC - Climbing World Championships (B,L,S,B&L) - Bern (SUI) 2023",Group A,,,,,
10726,1,False,True,24.0,,25+,8323,Semi-final,3840,Stasa,GEJO,,,SRB,56,"IFSC - Climbing World Championships (B,L,S,B&L) - Bern (SUI) 2023",,,False,0.0,2023-08-06 09:17:16 +00:00,locked
10817,1,False,True,25.0,12.5,8.29,7702,Qualification,13596,Zhilu,LUO,,,CHN,37,"IFSC - Climbing World Championships (B,L,S,B&L) - Bern (SUI) 2023",Group A,,,,,
10818,2,False,True,25.0,5.5,8.29,7702,Qualification,13596,Zhilu,LUO,,,CHN,37,"IFSC - Climbing World Championships (B,L,S,B&L) - Bern (SUI) 2023",Group A,,,,,
10726,1,False,False,25.0,,24,8323,Semi-final,13596,Zhilu,LUO,,,CHN,37,"IFSC - Climbing World Championships (B,L,S,B&L) - Bern (SUI) 2023",,,False,0.0,2023-08-06 09:17:27 +00:00,locked
10817,1,False,True,26.0,12.5,13.23,7702,Qualification,12324,Martina,DEMMEL,,,GER,6,"IFSC - Climbing World Championships (B,L,S,B&L) - Bern (SUI) 2023",Group A,,,,,
10818,2,False,True,26.0,14.0,13.23,7702,Qualification,12324,Martina,DEMMEL,,,GER,6,"IFSC - Climbing World Championships (B,L,S,B&L) - Bern (SUI) 2023",Group A,,,,,
10726,1,False,True,26.0,,22+,8323,Semi-final,12324,Martina,DEMMEL,,,GER,6,"IFSC - Climbing World Championships (B,L,S,B&L) - Bern (SUI) 2023",,,False,0.0,2023-08-06 09:17:09 +00:00,locked
10819,1,False,True,27.0,17.5,15.08,7702,Qualification,1400,Eliska,ADAMOVSKA,,,CZE,17,"IFSC - Climbing World Championships (B,L,S,B&L) - Bern (SUI) 2023",Group B,,,,,
10820,2,False,False,27.0,13.0,15.08,7702,Qualification,1400,Eliska,ADAMOVSKA,,,CZE,17,"IFSC - Climbing World Championships (B,L,S,B&L) - Bern (SUI) 2023",Group B,,,,,
10817,1,False,False,27.0,4.5,13.25,7702,Qualification,1803,Natalia,GROSSMAN,,,USA,20,"IFSC - Climbing World Championships (B,L,S,B&L) - Bern (SUI) 2023",Group A,,,,,
10818,2,False,True,27.0,39.0,13.25,7702,Qualification,1803,Natalia,GROSSMAN,,,USA,20,"IFSC - Climbing World Championships (B,L,S,B&L) - Bern (SUI) 2023",Group A,,,,,
10819,1,False,True,29.0,22.5,15.73,7702,Qualification,14031,Chaeyeong,KIM,,,KOR,21,"IFSC - Climbing World Championships (B,L,S,B&L) - Bern (SUI) 2023",Group B,,,,,
10820,2,False,True,29.0,11.0,15.73,7702,Qualification,14031,Chaeyeong,KIM,,,KOR,21,"IFSC - Climbing World Championships (B,L,S,B&L) - Bern (SUI) 2023",Group B,,,,,
10817,1,False,True,29.0,25.0,14.14,7702,Qualification,11783,Ryu,NAKAGAWA,,,JPN,25,"IFSC - Climbing World Championships (B,L,S,B&L) - Bern (SUI) 2023",Group A,,,,,
10818,2,False,False,29.0,8.0,14.14,7702,Qualification,11783,Ryu,NAKAGAWA,,,JPN,25,"IFSC - Climbing World Championships (B,L,S,B&L) - Bern (SUI) 2023",Group A,,,,,
10817,1,False,True,31.0,24.0,15.1,7702,Qualification,895,Ilaria,SCOLARIS,,,ITA,13,"IFSC - Climbing World Championships (B,L,S,B&L) - Bern (SUI) 2023",Group A,,,,,
10818,2,False,True,31.0,9.5,15.1,7702,Qualification,895,Ilaria,SCOLARIS,,,ITA,13,"IFSC - Climbing World Championships (B,L,S,B&L) - Bern (SUI) 2023",Group A,,,,,
10819,1,False,True,31.0,17.5,16.2,7702,Qualification,1438,Michaela,SMETANOVA,,,CZE,17,"IFSC - Climbing World Championships (B,L,S,B&L) - Bern (SUI) 2023",Group B,,,,,
10820,2,False,True,31.0,15.0,16.2,7702,Qualification,1438,Michaela,SMETANOVA,,,CZE,17,"IFSC - Climbing World Championships (B,L,S,B&L) - Bern (SUI) 2023",Group B,,,,,
10817,1,False,False,33.0,20.5,15.35,7702,Qualification,4017,Ayala,KEREM,,,ISR,60,"IFSC - Climbing World Championships (B,L,S,B&L) - Bern (SUI) 2023",Group A,,,,,
10818,2,False,False,33.0,11.5,15.35,7702,Qualification,4017,Ayala,KEREM,,,ISR,60,"IFSC - Climbing World Championships (B,L,S,B&L) - Bern (SUI) 2023",Group A,,,,,
10819,1,False,True,33.0,15.0,16.88,7702,Qualification,3113,Hannah,MEUL,,,GER,6,"IFSC - Climbing World Championships (B,L,S,B&L) - Bern (SUI) 2023",Group B,,,,,
10820,2,False,True,33.0,19.0,16.88,7702,Qualification,3113,Hannah,MEUL,,,GER,6,"IFSC - Climbing World Championships (B,L,S,B&L) - Bern (SUI) 2023",Group B,,,,,
10817,1,False,True,35.0,16.5,16.75,7702,Qualification,1750,Kyra,CONDIE,,,USA,20,"IFSC - Climbing World Championships (B,L,S,B&L) - Bern (SUI) 2023",Group A,,,,,
10818,2,False,False,35.0,17.0,16.75,7702,Qualification,1750,Kyra,CONDIE,,,USA,20,"IFSC - Climbing World Championships (B,L,S,B&L) - Bern (SUI) 2023",Group A,,,,,
10819,1,False,True,35.0,13.0,16.91,7702,Qualification,4330,Lucia,DÖRFFEL,,,GER,6,"IFSC - Climbing World Championships (B,L,S,B&L) - Bern (SUI) 2023",Group B,,,,,
10820,2,False,False,35.0,22.0,16.91,7702,Qualification,4330,Lucia,DÖRFFEL,,,GER,6,"IFSC - Climbing World Championships (B,L,S,B&L) - Bern (SUI) 2023",Group B,,,,,
10819,1,False,True,37.0,10.5,17.15,7702,Qualification,1486,Ievgeniia,KAZBEKOVA,,,UKR,18,"IFSC - Climbing World Championships (B,L,S,B&L) - Bern (SUI) 2023",Group B,,,,,
10820,2,False,True,37.0,28.0,17.15,7702,Qualification,1486,Ievgeniia,KAZBEKOVA,,,UKR,18,"IFSC - Climbing World Championships (B,L,S,B&L) - Bern (SUI) 2023",Group B,,,,,
10817,1,False,False,37.0,20.5,16.94,7702,Qualification,3465,Elnaz,REKABI,,,IRI,49,"IFSC - Climbing World Championships (B,L,S,B&L) - Bern (SUI) 2023",Group A,,,,,
10818,2,False,True,37.0,14.0,16.94,7702,Qualification,3465,Elnaz,REKABI,,,IRI,49,"IFSC - Climbing World Championships (B,L,S,B&L) - Bern (SUI) 2023",Group A,,,,,
10817,1,False,True,39.0,16.5,17.71,7702,Qualification,3911,Alejandra,CONTRERAS,,,CHI,58,"IFSC - Climbing World Championships (B,L,S,B&L) - Bern (SUI) 2023",Group A,,,,,
10818,2,False,True,39.0,19.0,17.71,7702,Qualification,3911,Alejandra,CONTRERAS,,,CHI,58,"IFSC - Climbing World Championships (B,L,S,B&L) - Bern (SUI) 2023",Group A,,,,,
10819,1,False,True,39.0,20.0,19.49,7702,Qualification,3426,Anne-sophie,KOLLER,,,SUI,8,"IFSC - Climbing World Championships (B,L,S,B&L) - Bern (SUI) 2023",Group B,,,,,
10820,2,False,True,39.0,19.0,19.49,7702,Qualification,3426,Anne-sophie,KOLLER,,,SUI,8,"IFSC - Climbing World Championships (B,L,S,B&L) - Bern (SUI) 2023",Group B,,,,,
10819,1,False,True,41.0,43.0,21.75,7702,Qualification,12297,Anon,MATSUFUJI,,,JPN,25,"IFSC - Climbing World Championships (B,L,S,B&L) - Bern (SUI) 2023",Group B,,,,,
10820,2,False,True,41.0,11.0,21.75,7702,Qualification,12297,Anon,MATSUFUJI,,,JPN,25,"IFSC - Climbing World Championships (B,L,S,B&L) - Bern (SUI) 2023",Group B,,,,,
10817,1,False,False,41.0,20.5,18.67,7702,Qualification,1565,Alannah,YIP,,,CAN,19,"IFSC - Climbing World Championships (B,L,S,B&L) - Bern (SUI) 2023",Group A,,,,,
10818,2,False,False,41.0,17.0,18.67,7702,Qualification,1565,Alannah,YIP,,,CAN,19,"IFSC - Climbing World Championships (B,L,S,B&L) - Bern (SUI) 2023",Group A,,,,,
10819,1,False,True,43.0,17.5,22.14,7702,Qualification,316,Chloe,CAULIER,,,BEL,9,"IFSC - Climbing World Championships (B,L,S,B&L) - Bern (SUI) 2023",Group B,,,,,
10820,2,False,True,43.0,28.0,22.14,7702,Qualification,316,Chloe,CAULIER,,,BEL,9,"IFSC - Climbing World Championships (B,L,S,B&L) - Bern (SUI) 2023",Group B,,,,,
10817,1,False,False,43.0,20.5,20.99,7702,Qualification,914,Giorgia,TESIO,,,ITA,13,"IFSC - Climbing World Championships (B,L,S,B&L) - Bern (SUI) 2023",Group A,,,,,
10818,2,False,False,43.0,21.5,20.99,7702,Qualification,914,Giorgia,TESIO,,,ITA,13,"IFSC - Climbing World Championships (B,L,S,B&L) - Bern (SUI) 2023",Group A,,,,,
10817,1,False,True,45.0,12.5,22.08,7702,Qualification,1577,Rebecca,FRANGOS,,,CAN,19,"IFSC - Climbing World Championships (B,L,S,B&L) - Bern (SUI) 2023",Group A,,,,,
10818,2,False,True,45.0,39.0,22.08,7702,Qualification,1577,Rebecca,FRANGOS,,,CAN,19,"IFSC - Climbing World Championships (B,L,S,B&L) - Bern (SUI) 2023",Group A,,,,,
10819,1,False,True,45.0,28.5,23.27,7702,Qualification,2501,Oceania,MACKENZIE,,,AUS,28,"IFSC - Climbing World Championships (B,L,S,B&L) - Bern (SUI) 2023",Group B,,,,,
10820,2,False,True,45.0,19.0,23.27,7702,Qualification,2501,Oceania,MACKENZIE,,,AUS,28,"IFSC - Climbing World Championships (B,L,S,B&L) - Bern (SUI) 2023",Group B,,,,,
10817,1,False,False,47.0,20.5,23.96,7702,Qualification,3374,Margarita,AGAMBAYEVA,,,KAZ,47,"IFSC - Climbing World Championships (B,L,S,B&L) - Bern (SUI) 2023",Group A,,,,,
10818,2,False,False,47.0,28.0,23.96,7702,Qualification,3374,Margarita,AGAMBAYEVA,,,KAZ,47,"IFSC - Climbing World Championships (B,L,S,B&L) - Bern (SUI) 2023",Group A,,,,,
10819,1,False,True,47.0,22.5,25.1,7702,Qualification,4018,Maya,DREAMER,,,ISR,60,"IFSC - Climbing World Championships (B,L,S,B&L) - Bern (SUI) 2023",Group B,,,,,
10820,2,False,True,47.0,28.0,25.1,7702,Qualification,4018,Maya,DREAMER,,,ISR,60,"IFSC - Climbing World Championships (B,L,S,B&L) - Bern (SUI) 2023",Group B,,,,,
10817,1,False,False,47.0,20.5,23.96,7702,Qualification,3979,Valeri,KREMER,,,ISR,60,"IFSC - Climbing World Championships (B,L,S,B&L) - Bern (SUI) 2023",Group A,,,,,
10818,2,False,False,47.0,28.0,23.96,7702,Qualification,3979,Valeri,KREMER,,,ISR,60,"IFSC - Climbing World Championships (B,L,S,B&L) - Bern (SUI) 2023",Group A,,,,,
10819,1,False,True,47.0,22.5,25.1,7702,Qualification,4002,Noa,SHIRAN,,,ISR,60,"IFSC - Climbing World Championships (B,L,S,B&L) - Bern (SUI) 2023",Group B,,,,,
10820,2,False,True,47.0,28.0,25.1,7702,Qualification,4002,Noa,SHIRAN,,,ISR,60,"IFSC - Climbing World Championships (B,L,S,B&L) - Bern (SUI) 2023",Group B,,,,,
10819,1,False,True,47.0,22.5,25.1,7702,Qualification,1240,Franziska,STERRER,,,AUT,16,"IFSC - Climbing World Championships (B,L,S,B&L) - Bern (SUI) 2023",Group B,,,,,
10820,2,False,True,47.0,28.0,25.1,7702,Qualification,1240,Franziska,STERRER,,,AUT,16,"IFSC - Climbing World Championships (B,L,S,B&L) - Bern (SUI) 2023",Group B,,,,,
10817,1,False,False,52.0,27.0,26.24,7702,Qualification,1650,Indiana,CHAPMAN,,,CAN,19,"IFSC - Climbing World Championships (B,L,S,B&L) - Bern (SUI) 2023",Group A,,,,,
10818,2,False,True,52.0,25.5,26.24,7702,Qualification,1650,Indiana,CHAPMAN,,,CAN,19,"IFSC - Climbing World Championships (B,L,S,B&L) - Bern (SUI) 2023",Group A,,,,,
10817,1,False,False,53.0,29.0,26.38,7702,Qualification,3880,Zoé,EGLI,,,SUI,8,"IFSC - Climbing World Championships (B,L,S,B&L) - Bern (SUI) 2023",Group A,,,,,
10818,2,False,True,53.0,24.0,26.38,7702,Qualification,3880,Zoé,EGLI,,,SUI,8,"IFSC - Climbing World Championships (B,L,S,B&L) - Bern (SUI) 2023",Group A,,,,,
10819,1,False,False,53.0,37.0,26.51,7702,Qualification,12222,Noé,LOOSER,,,SUI,8,"IFSC - Climbing World Championships (B,L,S,B&L) - Bern (SUI) 2023",Group B,,,,,
10820,2,False,True,53.0,19.0,26.51,7702,Qualification,12222,Noé,LOOSER,,,SUI,8,"IFSC - Climbing World Championships (B,L,S,B&L) - Bern (SUI) 2023",Group B,,,,,
10819,1,False,False,55.0,26.0,26.98,7702,Qualification,11468,Erin,MCNEICE,,,GBR,11,"IFSC - Climbing World Championships (B,L,S,B&L) - Bern (SUI) 2023",Group B,,,,,
10820,2,False,True,55.0,28.0,26.98,7702,Qualification,11468,Erin,MCNEICE,,,GBR,11,"IFSC - Climbing World Championships (B,L,S,B&L) - Bern (SUI) 2023",Group B,,,,,
10817,1,False,True,55.0,38.5,28.77,7702,Qualification,1447,Tereza,SIRUCKOVA,,,CZE,17,"IFSC - Climbing World Championships (B,L,S,B&L) - Bern (SUI) 2023",Group A,,,,,
10818,2,False,False,55.0,21.5,28.77,7702,Qualification,1447,Tereza,SIRUCKOVA,,,CZE,17,"IFSC - Climbing World Championships (B,L,S,B&L) - Bern (SUI) 2023",Group A,,,,,
10817,1,False,True,55.0,38.5,28.77,7702,Qualification,11464,Aleksandra,TOTKOVA,,,BUL,26,"IFSC - Climbing World Championships (B,L,S,B&L) - Bern (SUI) 2023",Group A,,,,,
10818,2,False,False,55.0,21.5,28.77,7702,Qualification,11464,Aleksandra,TOTKOVA,,,BUL,26,"IFSC - Climbing World Championships (B,L,S,B&L) - Bern (SUI) 2023",Group A,,,,,
10819,1,False,True,58.0,28.5,28.25,7702,Qualification,3060,Tina Johnsen,HAFSAAS,,,NOR,39,"IFSC - Climbing World Championships (B,L,S,B&L) - Bern (SUI) 2023",Group B,,,,,
10820,2,False,True,58.0,28.0,28.25,7702,Qualification,3060,Tina Johnsen,HAFSAAS,,,NOR,39,"IFSC - Climbing World Championships (B,L,S,B&L) - Bern (SUI) 2023",Group B,,,,,
10817,1,False,False,59.0,34.5,29.66,7702,Qualification,13971,Martina,CASTRO,,,CHI,58,"IFSC - Climbing World Championships (B,L,S,B&L) - Bern (SUI) 2023",Group A,,,,,
10818,2,False,True,59.0,25.5,29.66,7702,Qualification,13971,Martina,CASTRO,,,CHI,58,"IFSC - Climbing World Championships (B,L,S,B&L) - Bern (SUI) 2023",Group A,,,,,
10819,1,False,True,59.0,33.0,30.4,7702,Qualification,14865,Sarina,GHAFFARI,,,IRI,49,"IFSC - Climbing World Championships (B,L,S,B&L) - Bern (SUI) 2023",Group B,,,,,
10820,2,False,True,59.0,28.0,30.4,7702,Qualification,14865,Sarina,GHAFFARI,,,IRI,49,"IFSC - Climbing World Championships (B,L,S,B&L) - Bern (SUI) 2023",Group B,,,,,
10819,1,False,True,59.0,33.0,30.4,7702,Qualification,3204,Anja,KÖHLER ,,,BRA,40,"IFSC - Climbing World Championships (B,L,S,B&L) - Bern (SUI) 2023",Group B,,,,,
10820,2,False,True,59.0,28.0,30.4,7702,Qualification,3204,Anja,KÖHLER ,,,BRA,40,"IFSC - Climbing World Championships (B,L,S,B&L) - Bern (SUI) 2023",Group B,,,,,
10817,1,False,True,62.0,32.5,31.74,7702,Qualification,4206,Arantza,LUNA VELASCO,,,MEX,69,"IFSC - Climbing World Championships (B,L,S,B&L) - Bern (SUI) 2023",Group A,,,,,
10818,2,False,False,62.0,31.0,31.74,7702,Qualification,4206,Arantza,LUNA VELASCO,,,MEX,69,"IFSC - Climbing World Championships (B,L,S,B&L) - Bern (SUI) 2023",Group A,,,,,
10819,1,False,True,63.0,25.0,30.41,7702,Qualification,12537,Kylie,CULLEN,,,USA,20,"IFSC - Climbing World Championships (B,L,S,B&L) - Bern (SUI) 2023",Group B,,,,,
10820,2,False,False,63.0,37.0,30.41,7702,Qualification,12537,Kylie,CULLEN,,,USA,20,"IFSC - Climbing World Championships (B,L,S,B&L) - Bern (SUI) 2023",Group B,,,,,
10817,1,False,False,63.0,27.0,32.45,7702,Qualification,860,Claudia,GHISOLFI,,,ITA,13,"IFSC - Climbing World Championships (B,L,S,B&L) - Bern (SUI) 2023",Group A,,,,,
10818,2,False,True,63.0,39.0,32.45,7702,Qualification,860,Claudia,GHISOLFI,,,ITA,13,"IFSC - Climbing World Championships (B,L,S,B&L) - Bern (SUI) 2023",Group A,,,,,
10817,1,False,False,63.0,27.0,32.45,7702,Qualification,1649,Babette,ROY,,,CAN,19,"IFSC - Climbing World Championships (B,L,S,B&L) - Bern (SUI) 2023",Group A,,,,,
10818,2,False,True,63.0,39.0,32.45,7702,Qualification,1649,Babette,ROY,,,CAN,19,"IFSC - Climbing World Championships (B,L,S,B&L) - Bern (SUI) 2023",Group A,,,,,
10819,1,False,False,66.0,27.0,30.74,7702,Qualification,3881,Liv,EGLI,,,SUI,8,"IFSC - Climbing World Championships (B,L,S,B&L) - Bern (SUI) 2023",Group B,,,,,
10820,2,False,True,66.0,35.0,30.74,7702,Qualification,3881,Liv,EGLI,,,SUI,8,"IFSC - Climbing World Championships (B,L,S,B&L) - Bern (SUI) 2023",Group B,,,,,
10817,1,False,True,67.0,38.5,32.83,7702,Qualification,3160,Rocio Ailen,BECERRA,,,ARG,41,"IFSC - Climbing World Championships (B,L,S,B&L) - Bern (SUI) 2023",Group A,,,,,
10818,2,False,False,67.0,28.0,32.83,7702,Qualification,3160,Rocio Ailen,BECERRA,,,ARG,41,"IFSC - Climbing World Championships (B,L,S,B&L) - Bern (SUI) 2023",Group A,,,,,
10819,1,False,True,67.0,43.0,34.7,7702,Qualification,12562,Anastasia,KOBETS,,,UKR,18,"IFSC - Climbing World Championships (B,L,S,B&L) - Bern (SUI) 2023",Group B,,,,,
10820,2,False,True,67.0,28.0,34.7,7702,Qualification,12562,Anastasia,KOBETS,,,UKR,18,"IFSC - Climbing World Championships (B,L,S,B&L) - Bern (SUI) 2023",Group B,,,,,
10819,1,False,True,67.0,43.0,34.7,7702,Qualification,12358,Iziar,MARTÍNEZ ALMENDROS,,,ESP,12,"IFSC - Climbing World Championships (B,L,S,B&L) - Bern (SUI) 2023",Group B,,,,,
10820,2,False,True,67.0,28.0,34.7,7702,Qualification,12358,Iziar,MARTÍNEZ ALMENDROS,,,ESP,12,"IFSC - Climbing World Championships (B,L,S,B&L) - Bern (SUI) 2023",Group B,,,,,
10817,1,False,False,70.0,30.0,34.21,7702,Qualification,14742,Emilia,DAVILA,,,ECU,44,"IFSC - Climbing World Championships (B,L,S,B&L) - Bern (SUI) 2023",Group A,,,,,
10818,2,False,True,70.0,39.0,34.21,7702,Qualification,14742,Emilia,DAVILA,,,ECU,44,"IFSC - Climbing World Championships (B,L,S,B&L) - Bern (SUI) 2023",Group A,,,,,
10817,1,False,True,71.0,31.0,34.77,7702,Qualification,11614,Bianca,DE MAGALHAES DE CASTRO,,,BRA,40,"IFSC - Climbing World Championships (B,L,S,B&L) - Bern (SUI) 2023",Group A,,,,,
10818,2,False,True,71.0,39.0,34.77,7702,Qualification,11614,Bianca,DE MAGALHAES DE CASTRO,,,BRA,40,"IFSC - Climbing World Championships (B,L,S,B&L) - Bern (SUI) 2023",Group A,,,,,
10819,1,False,True,71.0,33.0,37.23,7702,Qualification,1453,Marketa,JANOSOVA,,,CZE,17,"IFSC - Climbing World Championships (B,L,S,B&L) - Bern (SUI) 2023",Group B,,,,,
10820,2,False,False,71.0,42.0,37.23,7702,Qualification,1453,Marketa,JANOSOVA,,,CZE,17,"IFSC - Climbing World Championships (B,L,S,B&L) - Bern (SUI) 2023",Group B,,,,,
10819,1,False,True,71.0,33.0,37.23,7702,Qualification,1526,Nika,POTAPOVA,,,UKR,18,"IFSC - Climbing World Championships (B,L,S,B&L) - Bern (SUI) 2023",Group B,,,,,
10820,2,False,False,71.0,42.0,37.23,7702,Qualification,1526,Nika,POTAPOVA,,,UKR,18,"IFSC - Climbing World Championships (B,L,S,B&L) - Bern (SUI) 2023",Group B,,,,,
10817,1,False,True,74.0,32.5,35.6,7702,Qualification,11259,Fujiyanti,WIDIA,,,INA,45,"IFSC - Climbing World Championships (B,L,S,B&L) - Bern (SUI) 2023",Group A,,,,,
10818,2,False,True,74.0,39.0,35.6,7702,Qualification,11259,Fujiyanti,WIDIA,,,INA,45,"IFSC - Climbing World Championships (B,L,S,B&L) - Bern (SUI) 2023",Group A,,,,,
10817,1,False,False,75.0,42.5,35.71,7702,Qualification,13974,Matilde,CABEZAS,,,CHI,58,"IFSC - Climbing World Championships (B,L,S,B&L) - Bern (SUI) 2023",Group A,,,,,
10818,2,False,True,75.0,30.0,35.71,7702,Qualification,13974,Matilde,CABEZAS,,,CHI,58,"IFSC - Climbing World Championships (B,L,S,B&L) - Bern (SUI) 2023",Group A,,,,,
10819,1,False,False,75.0,30.0,37.35,7702,Qualification,2139,Hung Ying,LEE,,,TPE,22,"IFSC - Climbing World Championships (B,L,S,B&L) - Bern (SUI) 2023",Group B,,,,,
10820,2,False,True,75.0,46.5,37.35,7702,Qualification,2139,Hung Ying,LEE,,,TPE,22,"IFSC - Climbing World Championships (B,L,S,B&L) - Bern (SUI) 2023",Group B,,,,,
10819,1,False,True,77.0,43.0,38.24,7702,Qualification,12859,Ema,GALEOVA,,,CZE,17,"IFSC - Climbing World Championships (B,L,S,B&L) - Bern (SUI) 2023",Group B,,,,,
10820,2,False,False,77.0,34.0,38.24,7702,Qualification,12859,Ema,GALEOVA,,,CZE,17,"IFSC - Climbing World Championships (B,L,S,B&L) - Bern (SUI) 2023",Group B,,,,,
10817,1,False,False,77.0,34.5,36.68,7702,Qualification,13845,Rattankorn,SUTHAPHAISANWITHAYA,,,THA,59,"IFSC - Climbing World Championships (B,L,S,B&L) - Bern (SUI) 2023",Group A,,,,,
10818,2,False,True,77.0,39.0,36.68,7702,Qualification,13845,Rattankorn,SUTHAPHAISANWITHAYA,,,THA,59,"IFSC - Climbing World Championships (B,L,S,B&L) - Bern (SUI) 2023",Group A,,,,,
10819,1,False,True,79.0,33.0,39.17,7702,Qualification,3161,Valentina,AGUADO,,,ARG,41,"IFSC - Climbing World Championships (B,L,S,B&L) - Bern (SUI) 2023",Group B,,,,,
10820,2,False,True,79.0,46.5,39.17,7702,Qualification,3161,Valentina,AGUADO,,,ARG,41,"IFSC - Climbing World Championships (B,L,S,B&L) - Bern (SUI) 2023",Group B,,,,,
10817,1,False,True,79.0,38.5,38.75,7702,Qualification,14483,Svana,BJARNASON,,,ISL,89,"IFSC - Climbing World Championships (B,L,S,B&L) - Bern (SUI) 2023",Group A,,,,,
10818,2,False,True,79.0,39.0,38.75,7702,Qualification,14483,Svana,BJARNASON,,,ISL,89,"IFSC - Climbing World Championships (B,L,S,B&L) - Bern (SUI) 2023",Group A,,,,,
10817,1,False,True,79.0,38.5,38.75,7702,Qualification,11372,Sukma,LINTANG CAHYANI,,,INA,45,"IFSC - Climbing World Championships (B,L,S,B&L) - Bern (SUI) 2023",Group A,,,,,
10818,2,False,True,79.0,39.0,38.75,7702,Qualification,11372,Sukma,LINTANG CAHYANI,,,INA,45,"IFSC - Climbing World Championships (B,L,S,B&L) - Bern (SUI) 2023",Group A,,,,,
10817,1,False,True,79.0,38.5,38.75,7702,Qualification,12507,Anja,SANTINI MIKULIĆ,,,CRO,98,"IFSC - Climbing World Championships (B,L,S,B&L) - Bern (SUI) 2023",Group A,,,,,
10818,2,False,True,79.0,39.0,38.75,7702,Qualification,12507,Anja,SANTINI MIKULIĆ,,,CRO,98,"IFSC - Climbing World Championships (B,L,S,B&L) - Bern (SUI) 2023",Group A,,,,,
10819,1,False,True,83.0,43.0,39.34,7702,Qualification,4301,Michelle,HULLIGER,,,SUI,8,"IFSC - Climbing World Championships (B,L,S,B&L) - Bern (SUI) 2023",Group B,,,,,
10820,2,False,True,83.0,36.0,39.34,7702,Qualification,4301,Michelle,HULLIGER,,,SUI,8,"IFSC - Climbing World Championships (B,L,S,B&L) - Bern (SUI) 2023",Group B,,,,,
10819,1,False,False,84.0,37.0,39.42,7702,Qualification,11989,Lianet,CASTILLO,,,VEN,42,"IFSC - Climbing World Championships (B,L,S,B&L) - Bern (SUI) 2023",Group B,,,,,
10820,2,False,False,84.0,42.0,39.42,7702,Qualification,11989,Lianet,CASTILLO,,,VEN,42,"IFSC - Climbing World Championships (B,L,S,B&L) - Bern (SUI) 2023",Group B,,,,,
10819,1,False,True,85.0,43.0,40.69,7702,Qualification,13272,Anne,ACKRE,,,NOR,39,"IFSC - Climbing World Championships (B,L,S,B&L) - Bern (SUI) 2023",Group B,,,,,
10820,2,False,True,85.0,38.5,40.69,7702,Qualification,13272,Anne,ACKRE,,,NOR,39,"IFSC - Climbing World Championships (B,L,S,B&L) - Bern (SUI) 2023",Group B,,,,,
10817,1,False,False,85.0,42.5,40.71,7702,Qualification,11998,Zoe,GARCIA MOLINA,,,ARG,41,"IFSC - Climbing World Championships (B,L,S,B&L) - Bern (SUI) 2023",Group A,,,,,
10818,2,False,True,85.0,39.0,40.71,7702,Qualification,11998,Zoe,GARCIA MOLINA,,,ARG,41,"IFSC - Climbing World Championships (B,L,S,B&L) - Bern (SUI) 2023",Group A,,,,,
10819,1,False,True,85.0,43.0,40.69,7702,Qualification,11624,Daria,NESTERENKO,,,UKR,18,"IFSC - Climbing World Championships (B,L,S,B&L) - Bern (SUI) 2023",Group B,,,,,
10820,2,False,True,85.0,38.5,40.69,7702,Qualification,11624,Daria,NESTERENKO,,,UKR,18,"IFSC - Climbing World Championships (B,L,S,B&L) - Bern (SUI) 2023",Group B,,,,,
10817,1,False,False,88.0,46.5,42.59,7702,Qualification,13072,Viktoriya,ADAMENKO,,,KAZ,47,"IFSC - Climbing World Championships (B,L,S,B&L) - Bern (SUI) 2023",Group A,,,,,
10818,2,False,True,88.0,39.0,42.59,7702,Qualification,13072,Viktoriya,ADAMENKO,,,KAZ,47,"IFSC - Climbing World Championships (B,L,S,B&L) - Bern (SUI) 2023",Group A,,,,,
10817,1,False,False,89.0,50.5,44.38,7702,Qualification,11420,Ignacia,MELLADO QUINTEROS,,,CHI,58,"IFSC - Climbing World Championships (B,L,S,B&L) - Bern (SUI) 2023",Group A,,,,,
10818,2,False,True,89.0,39.0,44.38,7702,Qualification,11420,Ignacia,MELLADO QUINTEROS,,,CHI,58,"IFSC - Climbing World Championships (B,L,S,B&L) - Bern (SUI) 2023",Group A,,,,,
10817,1,False,False,89.0,50.5,44.38,7702,Qualification,12484,Elizabeth,SEPULVEDA,,,PUR,99,"IFSC - Climbing World Championships (B,L,S,B&L) - Bern (SUI) 2023",Group A,,,,,
10818,2,False,True,89.0,39.0,44.38,7702,Qualification,12484,Elizabeth,SEPULVEDA,,,PUR,99,"IFSC - Climbing World Championships (B,L,S,B&L) - Bern (SUI) 2023",Group A,,,,,
10819,1,False,False,89.0,37.0,41.48,7702,Qualification,3900,Muykuay,SILVA,,,CHI,58,"IFSC - Climbing World Championships (B,L,S,B&L) - Bern (SUI) 2023",Group B,,,,,
10820,2,False,True,89.0,46.5,41.48,7702,Qualification,3900,Muykuay,SILVA,,,CHI,58,"IFSC - Climbing World Championships (B,L,S,B&L) - Bern (SUI) 2023",Group B,,,,,
10819,1,False,False,92.0,48.0,43.82,7702,Qualification,4215,María Fernanda,GONZÁLEZ RÁMIREZ,,,MEX,69,"IFSC - Climbing World Championships (B,L,S,B&L) - Bern (SUI) 2023",Group B,,,,,
10820,2,False,True,92.0,40.0,43.82,7702,Qualification,4215,María Fernanda,GONZÁLEZ RÁMIREZ,,,MEX,69,"IFSC - Climbing World Championships (B,L,S,B&L) - Bern (SUI) 2023",Group B,,,,,
10817,1,False,False,93.0,45.0,46.48,7702,Qualification,4227,Arantza,FERNÁNDEZ GUTIERREZ,,,MEX,69,"IFSC - Climbing World Championships (B,L,S,B&L) - Bern (SUI) 2023",Group A,,,,,
10818,2,False,False,93.0,48.0,46.48,7702,Qualification,4227,Arantza,FERNÁNDEZ GUTIERREZ,,,MEX,69,"IFSC - Climbing World Championships (B,L,S,B&L) - Bern (SUI) 2023",Group A,,,,,
10819,1,False,True,93.0,43.0,44.72,7702,Qualification,4220,María Fernanda,HIDALGO AMEZQUITA,,,MEX,69,"IFSC - Climbing World Championships (B,L,S,B&L) - Bern (SUI) 2023",Group B,,,,,
10820,2,False,True,93.0,46.5,44.72,7702,Qualification,4220,María Fernanda,HIDALGO AMEZQUITA,,,MEX,69,"IFSC - Climbing World Championships (B,L,S,B&L) - Bern (SUI) 2023",Group B,,,,,
10819,1,False,True,93.0,43.0,44.72,7702,Qualification,4224,Regina,SALAZAR PUGA,,,MEX,69,"IFSC - Climbing World Championships (B,L,S,B&L) - Bern (SUI) 2023",Group B,,,,,
10820,2,False,True,93.0,46.5,44.72,7702,Qualification,4224,Regina,SALAZAR PUGA,,,MEX,69,"IFSC - Climbing World Championships (B,L,S,B&L) - Bern (SUI) 2023",Group B,,,,,
10817,1,False,True,96.0,44.0,46.9,7702,Qualification,13220,Melissa Esther,CHEN CHEN,,,PER,74,"IFSC - Climbing World Championships (B,L,S,B&L) - Bern (SUI) 2023",Group A,,,,,
10818,2,False,False,96.0,50.0,46.9,7702,Qualification,13220,Melissa Esther,CHEN CHEN,,,PER,74,"IFSC - Climbing World Championships (B,L,S,B&L) - Bern (SUI) 2023",Group A,,,,,
10819,1,False,False,97.0,49.0,47.73,7702,Qualification,12308,Tegwen,OATES,,,RSA,14,"IFSC - Climbing World Championships (B,L,S,B&L) - Bern (SUI) 2023",Group B,,,,,
10820,2,False,True,97.0,46.5,47.73,7702,Qualification,12308,Tegwen,OATES,,,RSA,14,"IFSC - Climbing World Championships (B,L,S,B&L) - Bern (SUI) 2023",Group B,,,,,
10817,1,False,False,97.0,46.5,47.24,7702,Qualification,12939,Sara,TRAJKOSKA,,,MKD,43,"IFSC - Climbing World Championships (B,L,S,B&L) - Bern (SUI) 2023",Group A,,,,,
10818,2,False,False,97.0,48.0,47.24,7702,Qualification,12939,Sara,TRAJKOSKA,,,MKD,43,"IFSC - Climbing World Championships (B,L,S,B&L) - Bern (SUI) 2023",Group A,,,,,
10817,1,False,True,99.0,48.5,48.25,7702,Qualification,14013,Silvana Lourdes,LEYTON MATTO,,,PER,74,"IFSC - Climbing World Championships (B,L,S,B&L) - Bern (SUI) 2023",Group A,,,,,
10818,2,False,False,99.0,48.0,48.25,7702,Qualification,14013,Silvana Lourdes,LEYTON MATTO,,,PER,74,"IFSC - Climbing World Championships (B,L,S,B&L) - Bern (SUI) 2023",Group A,,,,,
10817,1,False,True,100.0,48.5,49.73,7702,Qualification,11650,Sofia Alejandra,HERRERA VEGA CENTENO,,,PER,74,"IFSC - Climbing World Championships (B,L,S,B&L) - Bern (SUI) 2023",Group A,,,,,
10818,2,False,False,100.0,51.0,49.73,7702,Qualification,11650,Sofia Alejandra,HERRERA VEGA CENTENO,,,PER,74,"IFSC - Climbing World Championships (B,L,S,B&L) - Bern (SUI) 2023",Group A,,,,,
10819,1,False,False,,,DNS,7702,Qualification,694,Holly,TOOTHILL,,,GBR,11,"IFSC - Climbing World Championships (B,L,S,B&L) - Bern (SUI) 2023",Group B,,,,,
10820,2,False,False,,,DNS,7702,Qualification,694,Holly,TOOTHILL,,,GBR,11,"IFSC - Climbing World Championships (B,L,S,B&L) - Bern (SUI) 2023",Group B,,,,,
